{
  "os": {
    "x64": "yes",
    "x64Process": "yes",
    "Platform": "Unix",
    "Version": "Unix 4.4.0.21"
  },
  "hardware": {
    "CPUs": 2,
    "CPUID": null
  },
  "server": {
    "Players": 0,
    "MaxPlayers": 255,
    "WorldName": "Jerraria",
    "WorldFile": "/srv/terraria/terrariaserver2/Jerraria.wld",
    "Time": 13500.0
  },
  "process": {
    "curRelease": 194,
    "TSAPIVersion": "1.3.5.3",
    "Uptime": "00:00:19.6679850",
    "WorkingDirectory": "",
    "Arguments": ""
  },
  "memory": [
    {
      "Process": "16324/TerrariaServer.bin.x86_64",
      "Info": {
        "TotalMiB": 0.0,
        "LOHSizeMiB": 0.0
      }
    }
  ],
  "plugins": [],
  "exception": {
    "message": "Unable to read data from the transport connection: Attempted to access a missing method..",
    "type": "IOException",
    "trace": "  at System.Net.Sockets.NetworkStream.EndRead (System.IAsyncResult asyncResult) [0x000b1] in <6c7c03f48a9747c8a644da4f63a34480>:0 \n  at Terraria.Net.Sockets.TcpSocket.ReadCallback (System.IAsyncResult result) [0x00023] in <788df755de55431ab5a8cb189729ff2f>:0 \n  at System.Net.Sockets.SocketAsyncResult+<Complete>c__AnonStorey0.<>m__0 (System.Object _) [0x00000] in <6c7c03f48a9747c8a644da4f63a34480>:0 \n  at System.Threading.QueueUserWorkItemCallback.System.Threading.IThreadPoolWorkItem.ExecuteWorkItem () [0x00008] in <71d8ad678db34313b7f718a414dfcb25>:0 \n  at System.Threading.ThreadPoolWorkQueue.Dispatch () [0x00074] in <71d8ad678db34313b7f718a414dfcb25>:0 \n  at System.Threading._ThreadPoolWaitCallback.PerformWaitCallback () [0x00000] in <71d8ad678db34313b7f718a414dfcb25>:0 ",
    "inner": {
      "message": "Attempted to access a missing method.",
      "type": "MissingMethodException",
      "trace": "  at System.Net.Sockets.SocketAsyncResult.CheckIfThrowDelayedException () [0x00017] in <6c7c03f48a9747c8a644da4f63a34480>:0 \n  at System.Net.Sockets.Socket.EndReceive (System.IAsyncResult asyncResult, System.Net.Sockets.SocketError& errorCode) [0x0003f] in <6c7c03f48a9747c8a644da4f63a34480>:0 \n  at System.Net.Sockets.Socket.EndReceive (System.IAsyncResult result) [0x00000] in <6c7c03f48a9747c8a644da4f63a34480>:0 \n  at System.Net.Sockets.NetworkStream.EndRead (System.IAsyncResult asyncResult) [0x0005f] in <6c7c03f48a9747c8a644da4f63a34480>:0 ",
      "inner": null
    }
  }
}